Model,RMSE,MAE,Adjusted_RMSE,Adjusted_MAE,Precision@10,Recall@10,F1@10,NDCG@10,MAP@10,MRR@10,Diversity,Coverage,Novelty,PopularityBias,Dataset
CF,1.0394222866229255,0.82335411986244,0.5205961754160571,0.4123781174695337,0.08041237113402061,0.09756233315246411,0.07792433049595877,0.28658940671350785,0.05908396061746577,0.23440108001963672,0.7123764030314281,0.043112297269554505,10.15938573851781,0.3007460168697284,Small
CB,0.9243423342617767,0.7162082841156878,0.4629582126387495,0.3587139686251366,0.020618556701030927,0.015311928323946,0.013541847228866255,0.09426050624989211,0.011568483063328427,0.07620274914089346,0.84180552514496,0.045062615479367685,13.270621920116076,0.14081724461105918,Small
WeightedHybrid,1.3387203494439865,1.0515841256757121,0.6705000487689324,0.5266874503275053,0.05670103092783505,0.03632213671649834,0.03574671566588439,0.19449920721286185,0.034336385661557486,0.16374570446735395,0.6549307363923829,0.03767193594744406,10.70941197794352,0.25093908153701944,Small
FeatureCombination,1.5575450457039,1.2676556557986929,0.7800987185546402,0.634907192819063,0.011340206185567012,0.0057032548478547825,0.006555521996321979,0.0522367768345413,0.00438717067583047,0.03722794959908362,0.709695920921366,0.011188667624717718,11.227744990071153,0.20352764761012138,Small
MixedHybrid,1.354972045198348,1.0665163550716743,0.6786397344026072,0.5341662793020404,0.01752577319587629,0.015731817689269713,0.013737878993084644,0.06786950372981515,0.008276877761413845,0.048351333660612006,0.7093924480868751,0.0671320057483063,12.065207490603559,0.153945641986879,Small
