Model,RMSE,MAE,Adjusted_RMSE,Adjusted_MAE,Precision@10,Recall@10,F1@10,NDCG@10,MAP@10,MRR@10,Diversity,Coverage,Novelty,PopularityBias,Dataset
CF,1.0656370325428508,0.8739961945552619,0.5352100311284632,0.4389595295669028,0.10436241610738256,0.05603752705391203,0.06109795408186592,0.3316240344230286,0.05999862398352331,0.2759933951209119,0.7570668910667842,0.18851403553953128,10.206558819432844,0.2723818962261585,1M
CB,1.0161827180401815,0.8119295015574641,0.5103718879370138,0.4077868922833385,0.015100671140939598,0.006290615585447502,0.007746056740630385,0.05847978537410098,0.005948386065835731,0.03914722488547992,0.8834773031387159,0.1488539788823075,12.199757243661525,0.162199263941787,1M
WeightedHybrid,1.390244493521118,1.1003373602582487,0.6982422494065228,0.552638069859821,0.074496644295302,0.046727445444239034,0.04510977561114427,0.25081808236552344,0.04028834203330848,0.1994207414509428,0.6534876428751992,0.13005408189544168,10.111162205930869,0.33734322972075725,1M
FeatureCombination,1.606100373536209,1.2672003937124057,0.8066546156570296,0.6364440625213964,0.03120805369127517,0.01659631506725506,0.01582303459212196,0.14212969657038765,0.019014594652178547,0.1249467348460637,0.6931282407856634,0.03064640741694566,10.402993165901583,0.26431796135077107,1M
MixedHybrid,1.406839113641908,1.1142544218764372,0.7065768013038227,0.5596278334983026,0.028523489932885907,0.02645062842462411,0.02045458497186986,0.1011761830740506,0.011328610489684315,0.0625,0.7435037139637546,0.2611382951326294,11.39448580086672,0.22031725540627603,1M
